text,model
"The quick brown fox jumps over the lazy dog.",gpt-4
"A fast auburn fox leaps across a sleepy hound.",gpt-4
"The nimble fox bounded over the resting canine.",gpt-4
"Lightning crackled across the summer sky at dusk.",llama-3
"Thunder rumbled as storm clouds gathered overhead.",llama-3
"The evening sky lit up with a brilliant flash.",llama-3
"Quantum computing leverages superposition and entanglement.",mistral
"Qubits exploit quantum mechanics for parallel computation.",mistral
"Entangled particles enable exponentially faster algorithms.",mistral
